CustomerID,Recency,Frequency,Monetary,R_Score,F_Score,M_Score,Segment
CUST-0001,6,19,11047000,5,5,5,Champions (Loyal & Borong)
CUST-0002,23,4,1518000,3,1,2,About to Sleep (Rata-rata)
CUST-0003,10,16,26454000,4,5,5,Champions (Loyal & Borong)
CUST-0004,30,11,5074000,2,4,4,At Risk (Hampir Hilang)
CUST-0005,4,9,5404000,5,4,4,Champions (Loyal & Borong)
CUST-0006,35,4,800000,2,1,1,Hibernating (Hilang)
CUST-0007,9,4,737500,4,1,1,New / Recent Customers
CUST-0008,4,6,1246000,5,3,2,Loyal Customers
CUST-0009,7,17,8809500,5,5,5,Champions (Loyal & Borong)
CUST-0010,8,19,18522000,4,5,5,Champions (Loyal & Borong)
CUST-0011,2,6,3428500,5,3,3,Loyal Customers
CUST-0012,8,9,2102500,4,4,3,Champions (Loyal & Borong)
CUST-0013,11,21,15567500,4,5,5,Champions (Loyal & Borong)
CUST-0014,7,4,1257000,5,1,2,New / Recent Customers
CUST-0015,85,5,8955000,1,2,5,Hibernating (Hilang)
CUST-0016,8,12,5711000,4,4,4,Champions (Loyal & Borong)
CUST-0017,5,6,10569500,5,3,5,Loyal Customers
CUST-0018,3,16,16149000,5,5,5,Champions (Loyal & Borong)
CUST-0019,5,10,8167500,5,4,5,Champions (Loyal & Borong)
CUST-0020,70,6,4777500,1,3,4,At Risk (Hampir Hilang)
CUST-0021,51,6,561500,2,3,1,At Risk (Hampir Hilang)
CUST-0022,64,2,315000,1,1,1,Hibernating (Hilang)
CUST-0023,14,2,2451000,4,1,3,New / Recent Customers
CUST-0024,13,14,6863600,4,4,5,Champions (Loyal & Borong)
CUST-0025,20,3,760000,3,1,1,About to Sleep (Rata-rata)
CUST-0026,14,4,1030000,4,1,2,New / Recent Customers
CUST-0027,5,13,3745000,5,4,3,Champions (Loyal & Borong)
CUST-0028,62,4,1270500,1,1,2,Hibernating (Hilang)
CUST-0029,78,4,1141000,1,1,2,Hibernating (Hilang)
CUST-0030,40,5,563000,2,2,1,Hibernating (Hilang)
CUST-0031,3,16,3082500,5,5,3,Champions (Loyal & Borong)
CUST-0032,15,5,1230500,4,2,2,New / Recent Customers
CUST-0033,14,21,8488000,4,5,5,Champions (Loyal & Borong)
CUST-0034,44,4,1252000,2,1,2,Hibernating (Hilang)
CUST-0035,8,20,19861000,4,5,5,Champions (Loyal & Borong)
CUST-0036,6,10,9666000,5,4,5,Champions (Loyal & Borong)
CUST-0037,39,5,3265000,2,2,3,Hibernating (Hilang)
CUST-0038,17,8,3068000,3,3,3,Loyal Customers
CUST-0039,11,5,1633000,4,2,2,New / Recent Customers
CUST-0040,5,4,771000,5,1,1,New / Recent Customers
CUST-0041,64,4,4643000,1,1,4,Hibernating (Hilang)
CUST-0042,39,4,587000,2,1,1,Hibernating (Hilang)
CUST-0043,86,4,381000,1,1,1,Hibernating (Hilang)
CUST-0044,5,5,358000,5,2,1,New / Recent Customers
CUST-0045,1,15,6258500,5,5,4,Champions (Loyal & Borong)
CUST-0046,1,18,11648000,5,5,5,Champions (Loyal & Borong)
CUST-0047,37,15,14010000,2,5,5,At Risk (Hampir Hilang)
CUST-0048,16,10,5156450,3,4,4,Loyal Customers
CUST-0049,76,3,940000,1,1,2,Hibernating (Hilang)
CUST-0050,62,3,271000,1,1,1,Hibernating (Hilang)
CUST-0051,94,5,1505000,1,2,2,Hibernating (Hilang)
CUST-0052,72,6,850500,1,3,1,At Risk (Hampir Hilang)
CUST-0053,4,6,872000,5,3,1,Loyal Customers
CUST-0054,10,8,1637000,4,3,2,Loyal Customers
CUST-0055,49,6,1117000,2,3,2,At Risk (Hampir Hilang)
CUST-0056,24,6,1108500,3,3,2,Loyal Customers
CUST-0057,22,5,2539000,3,2,3,About to Sleep (Rata-rata)
CUST-0058,58,13,8423000,2,4,5,At Risk (Hampir Hilang)
CUST-0059,89,4,1593000,1,2,2,Hibernating (Hilang)
CUST-0060,54,3,1485000,2,1,2,Hibernating (Hilang)
CUST-0061,9,14,6254000,4,4,4,Champions (Loyal & Borong)
CUST-0062,160,1,44000,1,1,1,Hibernating (Hilang)
CUST-0063,8,17,4557000,4,5,4,Champions (Loyal & Borong)
CUST-0064,21,16,4605500,3,5,4,Loyal Customers
CUST-0065,13,5,1705000,4,2,2,New / Recent Customers
CUST-0066,6,14,8075000,5,4,5,Champions (Loyal & Borong)
CUST-0067,41,5,1314000,2,2,2,Hibernating (Hilang)
CUST-0068,77,4,1185000,1,2,2,Hibernating (Hilang)
CUST-0069,9,7,2428000,4,3,3,Loyal Customers
CUST-0070,26,3,927000,3,1,1,About to Sleep (Rata-rata)
CUST-0071,33,7,4936000,2,3,4,At Risk (Hampir Hilang)
CUST-0072,62,2,420000,1,1,1,Hibernating (Hilang)
CUST-0073,31,7,7953050,2,3,5,At Risk (Hampir Hilang)
CUST-0074,21,9,3543000,3,4,3,Loyal Customers
CUST-0075,23,13,3574000,3,4,3,Loyal Customers
CUST-0076,6,10,1313500,5,4,2,Champions (Loyal & Borong)
CUST-0077,1,4,782500,5,2,1,New / Recent Customers
CUST-0078,22,4,7495000,3,2,5,About to Sleep (Rata-rata)
CUST-0079,1,17,4429300,5,5,4,Champions (Loyal & Borong)
CUST-0080,17,17,7591500,3,5,5,Loyal Customers
CUST-0081,9,20,11429400,4,5,5,Champions (Loyal & Borong)
CUST-0082,36,4,628000,2,2,1,Hibernating (Hilang)
CUST-0083,10,2,428000,4,1,1,New / Recent Customers
CUST-0084,47,5,6749000,2,2,4,Hibernating (Hilang)
CUST-0085,1,15,8309000,5,5,5,Champions (Loyal & Borong)
CUST-0086,25,6,1158000,3,3,2,Loyal Customers
CUST-0087,12,19,17924500,4,5,5,Champions (Loyal & Borong)
CUST-0088,14,6,2555000,4,3,3,Loyal Customers
CUST-0089,141,2,495000,1,1,1,Hibernating (Hilang)
CUST-0090,26,2,145000,3,1,1,About to Sleep (Rata-rata)
CUST-0091,25,5,4660000,3,2,4,About to Sleep (Rata-rata)
CUST-0092,16,11,3554500,3,4,3,Loyal Customers
CUST-0093,12,4,628000,4,2,1,New / Recent Customers
CUST-0094,2,10,7362000,5,4,5,Champions (Loyal & Borong)
CUST-0095,16,7,987000,3,3,2,Loyal Customers
CUST-0096,105,4,686500,1,2,1,Hibernating (Hilang)
CUST-0097,119,1,55500,1,1,1,Hibernating (Hilang)
CUST-0098,71,5,2594300,1,2,3,Hibernating (Hilang)
CUST-0099,4,15,4541000,5,5,4,Champions (Loyal & Borong)
CUST-0100,21,6,3625500,3,3,3,Loyal Customers
CUST-0101,124,2,515000,1,1,1,Hibernating (Hilang)
CUST-0102,66,5,1200000,1,2,2,Hibernating (Hilang)
CUST-0103,18,7,2343900,3,3,3,Loyal Customers
CUST-0104,107,4,1918000,1,2,3,Hibernating (Hilang)
CUST-0105,2,26,11470300,5,5,5,Champions (Loyal & Borong)
CUST-0106,3,2,244000,5,1,1,New / Recent Customers
CUST-0107,27,7,8481950,3,3,5,Loyal Customers
CUST-0108,105,3,847000,1,1,1,Hibernating (Hilang)
CUST-0109,6,7,2651000,5,3,3,Loyal Customers
CUST-0110,2,14,2393000,5,4,3,Champions (Loyal & Borong)
CUST-0111,12,5,2710400,4,2,3,New / Recent Customers
CUST-0112,15,5,6515000,4,2,4,New / Recent Customers
CUST-0113,73,7,13790000,1,3,5,At Risk (Hampir Hilang)
CUST-0114,13,3,340000,4,1,1,New / Recent Customers
CUST-0115,79,4,6846000,1,2,5,Hibernating (Hilang)
CUST-0116,47,4,3244000,2,2,3,Hibernating (Hilang)
CUST-0117,11,4,2825000,4,2,3,New / Recent Customers
CUST-0118,11,15,5309500,4,5,4,Champions (Loyal & Borong)
CUST-0119,31,5,2243000,2,2,3,Hibernating (Hilang)
CUST-0120,97,4,2505000,1,2,3,Hibernating (Hilang)
CUST-0121,98,7,5118500,1,3,4,At Risk (Hampir Hilang)
CUST-0122,25,13,6253000,3,4,4,Loyal Customers
CUST-0123,58,14,6538500,2,4,4,At Risk (Hampir Hilang)
CUST-0124,50,4,9711000,2,2,5,Hibernating (Hilang)
CUST-0125,11,5,1546000,4,2,2,New / Recent Customers
CUST-0126,8,5,1442000,4,2,2,New / Recent Customers
CUST-0127,3,7,5086000,5,3,4,Loyal Customers
CUST-0128,42,1,85000,2,1,1,Hibernating (Hilang)
CUST-0129,99,3,1510000,1,1,2,Hibernating (Hilang)
CUST-0130,109,3,6069000,1,1,4,Hibernating (Hilang)
CUST-0131,58,4,962000,2,2,2,Hibernating (Hilang)
CUST-0132,42,3,5280000,2,1,4,Hibernating (Hilang)
CUST-0133,16,4,6645000,3,2,4,About to Sleep (Rata-rata)
CUST-0134,2,19,21218000,5,5,5,Champions (Loyal & Borong)
CUST-0135,64,4,930000,1,2,2,Hibernating (Hilang)
CUST-0136,25,9,6914000,3,4,5,Loyal Customers
CUST-0137,33,12,13606000,2,4,5,At Risk (Hampir Hilang)
CUST-0138,41,5,1175000,2,2,2,Hibernating (Hilang)
CUST-0139,20,4,717000,3,2,1,About to Sleep (Rata-rata)
CUST-0140,115,3,839000,1,1,1,Hibernating (Hilang)
CUST-0141,12,5,4351000,4,2,4,New / Recent Customers
CUST-0142,1,17,34678500,5,5,5,Champions (Loyal & Borong)
CUST-0143,8,17,27591000,4,5,5,Champions (Loyal & Borong)
CUST-0144,2,27,22028450,5,5,5,Champions (Loyal & Borong)
CUST-0145,31,2,340000,2,1,1,Hibernating (Hilang)
CUST-0146,13,15,9574950,4,5,5,Champions (Loyal & Borong)
CUST-0147,38,5,5301000,2,2,4,Hibernating (Hilang)
CUST-0148,27,19,15076800,3,5,5,Loyal Customers
CUST-0149,34,9,6986000,2,4,5,At Risk (Hampir Hilang)
CUST-0150,4,5,4884000,5,2,4,New / Recent Customers
CUST-0151,9,3,437000,4,1,1,New / Recent Customers
CUST-0152,159,1,180000,1,1,1,Hibernating (Hilang)
CUST-0153,46,2,423000,2,1,1,Hibernating (Hilang)
CUST-0154,11,4,265500,4,2,1,New / Recent Customers
CUST-0155,57,3,493000,2,1,1,Hibernating (Hilang)
CUST-0156,59,7,1437000,1,3,2,At Risk (Hampir Hilang)
CUST-0157,52,5,897000,2,2,1,Hibernating (Hilang)
CUST-0158,84,5,775000,1,2,1,Hibernating (Hilang)
CUST-0159,124,2,585000,1,1,1,Hibernating (Hilang)
CUST-0160,6,5,1653000,5,2,2,New / Recent Customers
CUST-0161,6,7,1750500,5,3,2,Loyal Customers
CUST-0162,15,17,7515000,4,5,5,Champions (Loyal & Borong)
CUST-0163,3,6,1382000,5,3,2,Loyal Customers
CUST-0164,4,8,3516000,5,3,3,Loyal Customers
CUST-0165,23,8,2377000,3,3,3,Loyal Customers
CUST-0166,14,18,5311500,4,5,4,Champions (Loyal & Borong)
CUST-0167,105,3,1125000,1,1,2,Hibernating (Hilang)
CUST-0168,12,16,3305450,4,5,3,Champions (Loyal & Borong)
CUST-0169,6,8,2164500,5,3,3,Loyal Customers
CUST-0170,5,6,1995000,5,3,3,Loyal Customers
CUST-0171,18,7,3129000,3,3,3,Loyal Customers
CUST-0172,17,4,1026000,3,2,2,About to Sleep (Rata-rata)
CUST-0173,8,16,3150500,4,5,3,Champions (Loyal & Borong)
CUST-0174,29,4,1390000,3,2,2,About to Sleep (Rata-rata)
CUST-0175,12,6,4348000,4,3,4,Loyal Customers
CUST-0176,10,15,3798500,4,5,3,Champions (Loyal & Borong)
CUST-0177,4,19,4484500,5,5,4,Champions (Loyal & Borong)
CUST-0178,22,7,2058000,3,3,3,Loyal Customers
CUST-0179,61,6,3357000,1,3,3,At Risk (Hampir Hilang)
CUST-0180,8,18,8589800,4,5,5,Champions (Loyal & Borong)
CUST-0181,48,12,17330000,2,4,5,At Risk (Hampir Hilang)
CUST-0182,36,19,5130500,2,5,4,At Risk (Hampir Hilang)
CUST-0183,11,4,2973000,4,2,3,New / Recent Customers
CUST-0184,10,4,905000,4,2,1,New / Recent Customers
CUST-0185,1,16,8413500,5,5,5,Champions (Loyal & Borong)
CUST-0186,17,5,2397000,3,2,3,About to Sleep (Rata-rata)
CUST-0187,78,6,1804000,1,3,2,At Risk (Hampir Hilang)
CUST-0188,90,3,2868000,1,1,3,Hibernating (Hilang)
CUST-0189,18,11,3291000,3,4,3,Loyal Customers
CUST-0190,16,7,2092500,3,3,3,Loyal Customers
CUST-0191,14,18,13762000,4,5,5,Champions (Loyal & Borong)
CUST-0192,6,20,20487000,5,5,5,Champions (Loyal & Borong)
CUST-0193,25,10,2590950,3,4,3,Loyal Customers
CUST-0194,2,19,12346900,5,5,5,Champions (Loyal & Borong)
CUST-0195,12,7,7477000,4,3,5,Loyal Customers
CUST-0196,12,24,16716500,4,5,5,Champions (Loyal & Borong)
CUST-0197,15,18,25062000,4,5,5,Champions (Loyal & Borong)
CUST-0198,52,6,1434000,2,3,2,At Risk (Hampir Hilang)
CUST-0199,5,15,8740450,5,5,5,Champions (Loyal & Borong)
CUST-0200,43,11,9857850,2,4,5,At Risk (Hampir Hilang)
CUST-0201,62,5,1168000,1,2,2,Hibernating (Hilang)
CUST-0202,79,3,2660000,1,1,3,Hibernating (Hilang)
CUST-0203,25,3,304000,3,1,1,About to Sleep (Rata-rata)
CUST-0204,22,6,2906500,3,3,3,Loyal Customers
CUST-0205,13,16,8884000,4,5,5,Champions (Loyal & Borong)
CUST-0206,31,2,708000,2,1,1,Hibernating (Hilang)
CUST-0207,40,9,2945000,2,4,3,At Risk (Hampir Hilang)
CUST-0208,29,5,1055000,3,2,2,About to Sleep (Rata-rata)
CUST-0209,33,7,2467000,2,3,3,At Risk (Hampir Hilang)
CUST-0210,51,5,1834000,2,2,2,Hibernating (Hilang)
CUST-0211,55,4,965000,2,2,2,Hibernating (Hilang)
CUST-0212,86,5,4609000,1,2,4,Hibernating (Hilang)
CUST-0213,32,15,8038000,2,5,5,At Risk (Hampir Hilang)
CUST-0214,41,6,2201200,2,3,3,At Risk (Hampir Hilang)
CUST-0215,168,1,135000,1,1,1,Hibernating (Hilang)
CUST-0216,2,7,1971000,5,3,3,Loyal Customers
CUST-0217,47,14,7161900,2,4,5,At Risk (Hampir Hilang)
CUST-0218,24,13,12278950,3,4,5,Loyal Customers
CUST-0219,5,4,925500,5,2,1,New / Recent Customers
CUST-0220,18,9,1481600,3,4,2,Loyal Customers
CUST-0221,38,5,7660000,2,2,5,Hibernating (Hilang)
CUST-0222,2,8,3723000,5,4,3,Champions (Loyal & Borong)
CUST-0223,130,2,1365000,1,1,2,Hibernating (Hilang)
CUST-0224,18,9,2814500,3,4,3,Loyal Customers
CUST-0225,18,4,1220000,3,2,2,About to Sleep (Rata-rata)
CUST-0226,18,7,1999000,3,3,3,Loyal Customers
CUST-0228,15,6,1323000,4,3,2,Loyal Customers
CUST-0229,128,2,158000,1,1,1,Hibernating (Hilang)
CUST-0230,18,7,2711000,3,3,3,Loyal Customers
CUST-0231,11,21,4409500,4,5,4,Champions (Loyal & Borong)
CUST-0232,92,6,2190000,1,3,3,At Risk (Hampir Hilang)
CUST-0233,17,7,5528000,3,3,4,Loyal Customers
CUST-0234,130,1,94000,1,1,1,Hibernating (Hilang)
CUST-0235,1,20,5680000,5,5,4,Champions (Loyal & Borong)
CUST-0236,33,5,1142000,2,2,2,Hibernating (Hilang)
CUST-0237,2,20,15905000,5,5,5,Champions (Loyal & Borong)
CUST-0238,55,5,1616000,2,2,2,Hibernating (Hilang)
CUST-0239,16,19,4823500,3,5,4,Loyal Customers
CUST-0240,98,4,1134500,1,2,2,Hibernating (Hilang)
CUST-0241,73,4,1433000,1,2,2,Hibernating (Hilang)
CUST-0242,46,4,948000,2,2,2,Hibernating (Hilang)
CUST-0243,4,22,11304500,5,5,5,Champions (Loyal & Borong)
CUST-0244,17,6,1434000,3,3,2,Loyal Customers
CUST-0245,9,18,12310000,4,5,5,Champions (Loyal & Borong)
CUST-0246,4,17,23237000,5,5,5,Champions (Loyal & Borong)
CUST-0247,20,11,7641850,3,4,5,Loyal Customers
CUST-0248,7,16,4507500,5,5,4,Champions (Loyal & Borong)
CUST-0249,46,3,2175000,2,1,3,Hibernating (Hilang)
CUST-0250,8,17,3887000,4,5,4,Champions (Loyal & Borong)
CUST-0251,7,16,7869450,5,5,5,Champions (Loyal & Borong)
CUST-0252,103,2,895000,1,1,1,Hibernating (Hilang)
CUST-0253,70,6,1824000,1,3,2,At Risk (Hampir Hilang)
CUST-0254,2,3,1297000,5,1,2,New / Recent Customers
CUST-0255,12,9,12784200,4,4,5,Champions (Loyal & Borong)
CUST-0256,5,4,3220000,5,2,3,New / Recent Customers
CUST-0257,27,13,9025000,3,4,5,Loyal Customers
CUST-0258,33,11,2622000,2,4,3,At Risk (Hampir Hilang)
CUST-0259,52,4,1165000,2,2,2,Hibernating (Hilang)
CUST-0260,18,8,2415000,3,4,3,Loyal Customers
CUST-0261,31,4,1955000,2,2,3,Hibernating (Hilang)
CUST-0262,56,5,1855000,2,2,2,Hibernating (Hilang)
CUST-0263,20,11,5355000,3,4,4,Loyal Customers
CUST-0264,15,9,13756000,4,4,5,Champions (Loyal & Borong)
CUST-0265,3,21,5199500,5,5,4,Champions (Loyal & Borong)
CUST-0266,44,14,4121400,2,4,4,At Risk (Hampir Hilang)
CUST-0267,69,6,1673000,1,3,2,At Risk (Hampir Hilang)
CUST-0268,126,1,170000,1,1,1,Hibernating (Hilang)
CUST-0269,79,3,345900,1,1,1,Hibernating (Hilang)
CUST-0270,92,5,2826500,1,2,3,Hibernating (Hilang)
CUST-0271,9,6,2252000,4,3,3,Loyal Customers
CUST-0272,11,18,5413000,4,5,4,Champions (Loyal & Borong)
CUST-0273,61,3,4132000,1,1,4,Hibernating (Hilang)
CUST-0274,51,5,4637000,2,2,4,Hibernating (Hilang)
CUST-0275,8,3,1805000,4,1,2,New / Recent Customers
CUST-0276,1,6,1822950,5,3,2,Loyal Customers
CUST-0277,6,12,2869000,5,4,3,Champions (Loyal & Borong)
CUST-0278,18,14,4385000,3,4,4,Loyal Customers
CUST-0279,35,3,610000,2,1,1,Hibernating (Hilang)
CUST-0280,44,2,78950,2,1,1,Hibernating (Hilang)
CUST-0281,18,18,4421000,3,5,4,Loyal Customers
CUST-0282,57,2,406000,2,1,1,Hibernating (Hilang)
CUST-0283,25,18,10008000,3,5,5,Loyal Customers
CUST-0284,47,6,1254500,2,3,2,At Risk (Hampir Hilang)
CUST-0285,126,2,424000,1,1,1,Hibernating (Hilang)
CUST-0286,8,13,3047500,4,4,3,Champions (Loyal & Borong)
CUST-0287,2,5,1085500,5,2,2,New / Recent Customers
CUST-0288,40,3,453000,2,1,1,Hibernating (Hilang)
CUST-0289,92,2,880000,1,1,1,Hibernating (Hilang)
CUST-0290,48,6,7425000,2,3,5,At Risk (Hampir Hilang)
CUST-0291,104,3,231200,1,1,1,Hibernating (Hilang)
CUST-0292,11,17,7854500,4,5,5,Champions (Loyal & Borong)
CUST-0293,8,9,2271000,4,4,3,Champions (Loyal & Borong)
CUST-0294,21,11,12115000,3,4,5,Loyal Customers
CUST-0295,39,13,8690500,2,4,5,At Risk (Hampir Hilang)
CUST-0296,2,13,8547850,5,4,5,Champions (Loyal & Borong)
CUST-0297,84,9,6727000,1,4,4,At Risk (Hampir Hilang)
CUST-0298,16,7,3698000,3,3,3,Loyal Customers
CUST-0299,9,10,4112000,4,4,4,Champions (Loyal & Borong)
CUST-0300,1,12,13628000,5,4,5,Champions (Loyal & Borong)
CUST-0301,17,7,1221000,3,3,2,Loyal Customers
CUST-0302,8,16,8862900,4,5,5,Champions (Loyal & Borong)
CUST-0303,9,22,26303500,4,5,5,Champions (Loyal & Borong)
CUST-0304,16,3,619000,3,1,1,About to Sleep (Rata-rata)
CUST-0305,15,6,4028000,4,3,4,Loyal Customers
CUST-0306,3,19,19720000,5,5,5,Champions (Loyal & Borong)
CUST-0307,8,4,825000,4,2,1,New / Recent Customers
CUST-0308,6,19,6445500,5,5,4,Champions (Loyal & Borong)
CUST-0309,16,5,2833000,3,2,3,About to Sleep (Rata-rata)
CUST-0310,5,8,2422000,5,4,3,Champions (Loyal & Borong)
CUST-0311,39,7,4540900,2,3,4,At Risk (Hampir Hilang)
CUST-0312,24,12,6484500,3,4,4,Loyal Customers
CUST-0313,31,2,1115000,2,1,2,Hibernating (Hilang)
CUST-0314,1,8,4847000,5,4,4,Champions (Loyal & Borong)
CUST-0315,8,1,583000,4,1,1,New / Recent Customers
CUST-0316,2,26,28591000,5,5,5,Champions (Loyal & Borong)
CUST-0317,1,21,8893450,5,5,5,Champions (Loyal & Borong)
CUST-0318,57,10,2461200,2,4,3,At Risk (Hampir Hilang)
CUST-0319,19,5,1217000,3,2,2,About to Sleep (Rata-rata)
CUST-0320,39,7,1942000,2,3,3,At Risk (Hampir Hilang)
CUST-0321,31,6,672000,2,3,1,At Risk (Hampir Hilang)
CUST-0322,17,4,1133000,3,2,2,About to Sleep (Rata-rata)
CUST-0323,24,16,11544000,3,5,5,Loyal Customers
CUST-0324,23,16,13709000,3,5,5,Loyal Customers
CUST-0325,4,20,6354000,5,5,4,Champions (Loyal & Borong)
CUST-0326,108,3,684000,1,1,1,Hibernating (Hilang)
CUST-0327,22,5,3513000,3,2,3,About to Sleep (Rata-rata)
CUST-0328,50,5,1225000,2,2,2,Hibernating (Hilang)
CUST-0329,49,6,1081000,2,3,2,At Risk (Hampir Hilang)
CUST-0330,46,9,2650000,2,4,3,At Risk (Hampir Hilang)
CUST-0331,15,17,11049000,4,5,5,Champions (Loyal & Borong)
CUST-0332,13,12,7478500,4,4,5,Champions (Loyal & Borong)
CUST-0333,2,12,14224000,5,4,5,Champions (Loyal & Borong)
CUST-0334,19,12,3919000,3,4,4,Loyal Customers
CUST-0335,3,11,4923500,5,4,4,Champions (Loyal & Borong)
CUST-0336,77,4,779000,1,2,1,Hibernating (Hilang)
CUST-0337,5,4,1338000,5,2,2,New / Recent Customers
CUST-0338,108,3,984000,1,1,2,Hibernating (Hilang)
CUST-0339,69,11,4172000,1,4,4,At Risk (Hampir Hilang)
CUST-0340,81,4,1095000,1,2,2,Hibernating (Hilang)
CUST-0341,31,18,17641850,2,5,5,At Risk (Hampir Hilang)
CUST-0342,107,3,394000,1,1,1,Hibernating (Hilang)
CUST-0343,2,19,5218000,5,5,4,Champions (Loyal & Borong)
CUST-0344,60,15,9822500,1,5,5,At Risk (Hampir Hilang)
CUST-0345,116,2,405000,1,1,1,Hibernating (Hilang)
CUST-0346,47,13,5431000,2,4,4,At Risk (Hampir Hilang)
CUST-0347,24,5,1758000,3,2,2,About to Sleep (Rata-rata)
CUST-0348,13,18,6290500,4,5,4,Champions (Loyal & Borong)
CUST-0349,36,6,936000,2,3,2,At Risk (Hampir Hilang)
CUST-0350,27,4,969000,3,2,2,About to Sleep (Rata-rata)
CUST-0351,148,1,125000,1,1,1,Hibernating (Hilang)
CUST-0352,13,6,2430000,4,3,3,Loyal Customers
CUST-0353,50,8,2096500,2,4,3,At Risk (Hampir Hilang)
CUST-0354,10,9,2655000,4,4,3,Champions (Loyal & Borong)
CUST-0355,22,21,11236500,3,5,5,Loyal Customers
CUST-0356,6,4,1076000,5,2,2,New / Recent Customers
CUST-0357,11,6,4269000,4,3,4,Loyal Customers
CUST-0358,101,4,4513500,1,2,4,Hibernating (Hilang)
CUST-0359,35,5,1875000,2,2,3,Hibernating (Hilang)
CUST-0360,24,8,2615000,3,4,3,Loyal Customers
CUST-0361,6,4,558000,5,2,1,New / Recent Customers
CUST-0362,66,7,1703000,1,3,2,At Risk (Hampir Hilang)
CUST-0363,6,14,5069450,5,4,4,Champions (Loyal & Borong)
CUST-0364,133,1,45000,1,1,1,Hibernating (Hilang)
CUST-0365,36,9,4803100,2,4,4,At Risk (Hampir Hilang)
CUST-0366,95,4,2160000,1,2,3,Hibernating (Hilang)
CUST-0367,1,3,891000,5,1,1,New / Recent Customers
CUST-0368,52,2,165000,2,1,1,Hibernating (Hilang)
CUST-0369,19,4,2290500,3,2,3,About to Sleep (Rata-rata)
CUST-0370,29,3,1840000,3,1,2,About to Sleep (Rata-rata)
CUST-0371,108,2,82000,1,1,1,Hibernating (Hilang)
CUST-0372,52,7,6766000,2,3,4,At Risk (Hampir Hilang)
CUST-0373,15,7,2131000,4,3,3,Loyal Customers
CUST-0374,4,3,439500,5,1,1,New / Recent Customers
CUST-0375,21,19,12228500,3,5,5,Loyal Customers
CUST-0376,41,6,668500,2,3,1,At Risk (Hampir Hilang)
CUST-0377,54,7,6101850,2,3,4,At Risk (Hampir Hilang)
CUST-0378,8,4,848000,4,2,1,New / Recent Customers
CUST-0379,37,16,9342000,2,5,5,At Risk (Hampir Hilang)
CUST-0380,80,3,1233000,1,1,2,Hibernating (Hilang)
CUST-0381,3,19,6356000,5,5,4,Champions (Loyal & Borong)
CUST-0382,107,3,330000,1,1,1,Hibernating (Hilang)
CUST-0383,19,8,5767000,3,4,4,Loyal Customers
CUST-0384,67,5,952000,1,2,2,Hibernating (Hilang)
CUST-0385,4,17,6439000,5,5,4,Champions (Loyal & Borong)
CUST-0386,33,3,348000,2,1,1,Hibernating (Hilang)
CUST-0387,102,6,1122000,1,3,2,At Risk (Hampir Hilang)
CUST-0388,2,21,5737000,5,5,4,Champions (Loyal & Borong)
CUST-0389,49,6,3896500,2,3,4,At Risk (Hampir Hilang)
CUST-0390,31,5,2019500,2,2,3,Hibernating (Hilang)
CUST-0391,22,14,6016500,3,4,4,Loyal Customers
CUST-0392,175,1,5970000,1,1,4,Hibernating (Hilang)
CUST-0393,1,8,2236000,5,4,3,Champions (Loyal & Borong)
CUST-0394,23,25,20584900,3,5,5,Loyal Customers
CUST-0395,30,7,1045000,2,3,2,At Risk (Hampir Hilang)
CUST-0396,78,4,353000,1,2,1,Hibernating (Hilang)
CUST-0397,9,16,4186000,4,5,4,Champions (Loyal & Borong)
CUST-0398,32,13,5533400,2,4,4,At Risk (Hampir Hilang)
CUST-0399,101,5,1575000,1,2,2,Hibernating (Hilang)
CUST-0400,84,3,539000,1,1,1,Hibernating (Hilang)
CUST-0401,7,12,2933000,5,4,3,Champions (Loyal & Borong)
CUST-0402,46,6,1714500,2,3,2,At Risk (Hampir Hilang)
CUST-0403,9,4,571000,4,2,1,New / Recent Customers
CUST-0404,47,8,7394000,2,4,5,At Risk (Hampir Hilang)
CUST-0405,11,16,10799200,4,5,5,Champions (Loyal & Borong)
CUST-0406,19,7,6662000,3,3,4,Loyal Customers
CUST-0407,23,15,5591400,3,5,4,Loyal Customers
CUST-0408,16,6,2601000,3,3,3,Loyal Customers
CUST-0409,10,3,835000,4,1,1,New / Recent Customers
CUST-0410,48,2,943000,2,1,2,Hibernating (Hilang)
CUST-0411,9,10,4146500,4,4,4,Champions (Loyal & Borong)
CUST-0412,3,14,8091000,5,4,5,Champions (Loyal & Borong)
CUST-0413,23,7,1841500,3,3,2,Loyal Customers
CUST-0414,10,5,1303500,4,2,2,New / Recent Customers
CUST-0415,1,21,6966000,5,5,5,Champions (Loyal & Borong)
CUST-0416,28,13,5274000,3,4,4,Loyal Customers
CUST-0417,24,10,2513000,3,4,3,Loyal Customers
CUST-0418,31,6,2728000,2,3,3,At Risk (Hampir Hilang)
CUST-0419,24,5,2608000,3,2,3,About to Sleep (Rata-rata)
CUST-0420,27,3,819000,3,1,1,About to Sleep (Rata-rata)
CUST-0421,7,18,10317500,5,5,5,Champions (Loyal & Borong)
CUST-0422,16,8,3140000,3,4,3,Loyal Customers
CUST-0423,21,4,2031600,3,2,3,About to Sleep (Rata-rata)
CUST-0424,105,4,873000,1,2,1,Hibernating (Hilang)
CUST-0425,17,5,6373000,3,2,4,About to Sleep (Rata-rata)
CUST-0426,35,5,4383000,2,2,4,Hibernating (Hilang)
CUST-0427,24,4,2605000,3,2,3,About to Sleep (Rata-rata)
CUST-0428,64,9,6013900,1,4,4,At Risk (Hampir Hilang)
CUST-0429,8,7,1302500,4,3,2,Loyal Customers
CUST-0430,11,9,3784950,4,4,3,Champions (Loyal & Borong)
CUST-0431,12,17,4692000,4,5,4,Champions (Loyal & Borong)
CUST-0432,11,20,7566900,4,5,5,Champions (Loyal & Borong)
CUST-0433,38,6,1136000,2,3,2,At Risk (Hampir Hilang)
CUST-0434,31,7,2562000,2,3,3,At Risk (Hampir Hilang)
CUST-0435,3,4,1935000,5,2,3,New / Recent Customers
CUST-0436,2,22,6222000,5,5,4,Champions (Loyal & Borong)
CUST-0437,5,13,5890000,5,4,4,Champions (Loyal & Borong)
CUST-0438,2,6,1455000,5,3,2,Loyal Customers
CUST-0439,12,16,7682000,4,5,5,Champions (Loyal & Borong)
CUST-0440,9,14,2956000,4,4,3,Champions (Loyal & Borong)
CUST-0441,5,10,7094500,5,4,5,Champions (Loyal & Borong)
CUST-0442,4,15,7236000,5,5,5,Champions (Loyal & Borong)
CUST-0443,49,4,1018000,2,2,2,Hibernating (Hilang)
CUST-0444,2,13,8237500,5,4,5,Champions (Loyal & Borong)
CUST-0445,2,7,7192000,5,3,5,Loyal Customers
CUST-0446,18,6,2049000,3,3,3,Loyal Customers
CUST-0447,2,14,17019500,5,4,5,Champions (Loyal & Borong)
CUST-0448,21,14,2717000,3,4,3,Loyal Customers
CUST-0449,70,3,696000,1,1,1,Hibernating (Hilang)
CUST-0450,8,18,11728000,4,5,5,Champions (Loyal & Borong)
CUST-0451,131,2,209000,1,1,1,Hibernating (Hilang)
CUST-0452,1,8,7958000,5,4,5,Champions (Loyal & Borong)
CUST-0453,103,5,1141000,1,2,2,Hibernating (Hilang)
CUST-0454,14,7,4419000,4,3,4,Loyal Customers
CUST-0455,100,4,1628000,1,2,2,Hibernating (Hilang)
CUST-0456,20,10,4033000,3,4,4,Loyal Customers
CUST-0457,17,12,9187000,3,4,5,Loyal Customers
CUST-0458,75,3,1355000,1,1,2,Hibernating (Hilang)
CUST-0459,56,2,263000,2,1,1,Hibernating (Hilang)
CUST-0460,60,5,2448000,1,2,3,Hibernating (Hilang)
CUST-0461,6,6,1327000,5,3,2,Loyal Customers
CUST-0462,25,5,1766000,3,2,2,About to Sleep (Rata-rata)
CUST-0463,40,4,1158000,2,2,2,Hibernating (Hilang)
CUST-0464,97,3,1247000,1,1,2,Hibernating (Hilang)
CUST-0465,6,4,6671000,5,2,4,New / Recent Customers
CUST-0466,46,5,1375000,2,2,2,Hibernating (Hilang)
CUST-0467,5,19,4271500,5,5,4,Champions (Loyal & Borong)
CUST-0468,26,14,10058500,3,4,5,Loyal Customers
CUST-0469,19,16,6166200,3,5,4,Loyal Customers
CUST-0470,49,5,2239000,2,2,3,Hibernating (Hilang)
CUST-0471,101,1,18500,1,1,1,Hibernating (Hilang)
CUST-0472,31,6,2793000,2,3,3,At Risk (Hampir Hilang)
CUST-0473,33,4,2041000,2,2,3,Hibernating (Hilang)
CUST-0474,61,11,14935000,1,4,5,At Risk (Hampir Hilang)
CUST-0475,7,5,1336500,5,2,2,New / Recent Customers
CUST-0476,19,5,1828000,3,2,2,About to Sleep (Rata-rata)
CUST-0477,30,5,6320000,2,2,4,Hibernating (Hilang)
CUST-0478,12,9,11733400,4,4,5,Champions (Loyal & Borong)
CUST-0479,4,21,16314500,5,5,5,Champions (Loyal & Borong)
CUST-0480,120,3,2620000,1,1,3,Hibernating (Hilang)
CUST-0481,98,3,263500,1,1,1,Hibernating (Hilang)
CUST-0482,3,10,7088950,5,4,5,Champions (Loyal & Borong)
CUST-0483,45,3,285000,2,1,1,Hibernating (Hilang)
CUST-0484,23,5,830000,3,2,1,About to Sleep (Rata-rata)
CUST-0485,31,5,1502000,2,2,2,Hibernating (Hilang)
CUST-0486,53,7,1627000,2,3,2,At Risk (Hampir Hilang)
CUST-0487,67,4,1598000,1,2,2,Hibernating (Hilang)
CUST-0488,15,5,6013000,4,2,4,New / Recent Customers
CUST-0489,139,2,703000,1,1,1,Hibernating (Hilang)
CUST-0490,19,4,4597000,3,2,4,About to Sleep (Rata-rata)
CUST-0491,61,4,975500,1,2,2,Hibernating (Hilang)
CUST-0492,2,7,2373400,5,3,3,Loyal Customers
CUST-0493,3,14,14999000,5,4,5,Champions (Loyal & Borong)
CUST-0494,80,2,298000,1,1,1,Hibernating (Hilang)
CUST-0495,20,5,6315000,3,2,4,About to Sleep (Rata-rata)
CUST-0496,17,7,1695000,3,3,2,Loyal Customers
CUST-0497,101,3,2475000,1,1,3,Hibernating (Hilang)
CUST-0498,9,7,3563500,4,3,3,Loyal Customers
CUST-0499,8,3,156000,4,1,1,New / Recent Customers
CUST-0500,16,10,1788000,3,4,2,Loyal Customers
CUST-0501,18,6,1569900,3,3,2,Loyal Customers
CUST-0502,15,14,6742000,4,4,4,Champions (Loyal & Borong)
CUST-0503,179,1,44000,1,1,1,Hibernating (Hilang)
CUST-0504,54,4,481000,2,2,1,Hibernating (Hilang)
CUST-0505,32,7,7990000,2,3,5,At Risk (Hampir Hilang)
CUST-0506,9,10,5935000,4,4,4,Champions (Loyal & Borong)
CUST-0507,1,8,1768000,5,4,2,Champions (Loyal & Borong)
CUST-0508,2,3,815000,5,1,1,New / Recent Customers
CUST-0509,135,2,485000,1,1,1,Hibernating (Hilang)
CUST-0510,49,4,1345500,2,2,2,Hibernating (Hilang)
CUST-0511,23,11,3030500,3,4,3,Loyal Customers
CUST-0512,26,9,7687000,3,4,5,Loyal Customers
CUST-0513,11,4,323000,4,2,1,New / Recent Customers
CUST-0514,13,11,3419000,4,4,3,Champions (Loyal & Borong)
CUST-0515,80,4,828000,1,2,1,Hibernating (Hilang)
CUST-0516,23,20,6621000,3,5,4,Loyal Customers
CUST-0517,23,6,2664000,3,3,3,Loyal Customers
CUST-0518,11,4,1630500,4,2,2,New / Recent Customers
CUST-0519,102,2,303000,1,1,1,Hibernating (Hilang)
CUST-0520,5,4,1005000,5,2,2,New / Recent Customers
CUST-0521,2,14,3064000,5,4,3,Champions (Loyal & Borong)
CUST-0522,4,11,4930000,5,4,4,Champions (Loyal & Borong)
CUST-0523,32,6,1828000,2,3,2,At Risk (Hampir Hilang)
CUST-0524,16,17,4621000,3,5,4,Loyal Customers
CUST-0525,1,17,5836900,5,5,4,Champions (Loyal & Borong)
CUST-0526,7,6,4361000,5,3,4,Loyal Customers
CUST-0527,1,3,595500,5,1,1,New / Recent Customers
CUST-0528,22,1,3980000,3,1,4,About to Sleep (Rata-rata)
CUST-0529,19,7,5641000,3,3,4,Loyal Customers
CUST-0530,7,12,12113000,5,4,5,Champions (Loyal & Borong)
CUST-0531,11,19,10451000,4,5,5,Champions (Loyal & Borong)
CUST-0532,11,2,220500,4,1,1,New / Recent Customers
CUST-0533,25,11,9887950,3,4,5,Loyal Customers
CUST-0534,128,1,45500,1,1,1,Hibernating (Hilang)
CUST-0535,10,2,4325000,4,1,4,New / Recent Customers
CUST-0536,1,9,3540000,5,4,3,Champions (Loyal & Borong)
CUST-0537,18,4,409000,3,2,1,About to Sleep (Rata-rata)
CUST-0538,27,6,1966000,3,3,3,Loyal Customers
CUST-0539,5,9,4430500,5,4,4,Champions (Loyal & Borong)
CUST-0540,9,8,2899000,4,4,3,Champions (Loyal & Borong)
CUST-0541,2,19,16824900,5,5,5,Champions (Loyal & Borong)
CUST-0542,18,17,9211800,3,5,5,Loyal Customers
CUST-0543,82,4,533000,1,2,1,Hibernating (Hilang)
CUST-0544,72,4,1137000,1,2,2,Hibernating (Hilang)
CUST-0545,79,4,2400000,1,2,3,Hibernating (Hilang)
CUST-0546,43,9,4208000,2,4,4,At Risk (Hampir Hilang)
CUST-0547,33,10,8788500,2,4,5,At Risk (Hampir Hilang)
CUST-0548,69,7,1722950,1,3,2,At Risk (Hampir Hilang)
CUST-0549,112,3,1252000,1,1,2,Hibernating (Hilang)
CUST-0550,16,14,14894000,3,4,5,Loyal Customers
CUST-0551,24,6,2998000,3,3,3,Loyal Customers
CUST-0552,42,6,4193800,2,3,4,At Risk (Hampir Hilang)
CUST-0553,20,4,1147000,3,2,2,About to Sleep (Rata-rata)
CUST-0554,5,10,1882500,5,4,3,Champions (Loyal & Borong)
CUST-0555,33,5,4542000,2,2,4,Hibernating (Hilang)
CUST-0556,14,19,6089000,4,5,4,Champions (Loyal & Borong)
CUST-0557,4,14,8730400,5,4,5,Champions (Loyal & Borong)
CUST-0558,2,15,6219000,5,5,4,Champions (Loyal & Borong)
CUST-0559,27,5,961500,3,2,2,About to Sleep (Rata-rata)
CUST-0560,27,21,4945950,3,5,4,Loyal Customers
CUST-0561,17,6,1850000,3,3,2,Loyal Customers
CUST-0562,8,6,7760000,4,3,5,Loyal Customers
CUST-0563,33,7,1663000,2,3,2,At Risk (Hampir Hilang)
CUST-0564,27,13,4526950,3,4,4,Loyal Customers
CUST-0565,1,4,732000,5,2,1,New / Recent Customers
CUST-0566,8,22,6699000,4,5,4,Champions (Loyal & Borong)
CUST-0567,30,11,7233000,2,4,5,At Risk (Hampir Hilang)
CUST-0568,20,4,668000,3,2,1,About to Sleep (Rata-rata)
CUST-0569,32,5,855000,2,2,1,Hibernating (Hilang)
CUST-0570,9,7,6449000,4,3,4,Loyal Customers
CUST-0571,17,18,13362500,3,5,5,Loyal Customers
CUST-0572,104,3,950000,1,1,2,Hibernating (Hilang)
CUST-0573,15,10,3823000,4,4,4,Champions (Loyal & Borong)
CUST-0574,50,4,3832000,2,2,4,Hibernating (Hilang)
CUST-0575,4,9,6662000,5,4,4,Champions (Loyal & Borong)
CUST-0576,10,3,317000,4,1,1,New / Recent Customers
CUST-0577,50,5,1373000,2,2,2,Hibernating (Hilang)
CUST-0578,37,8,4751950,2,4,4,At Risk (Hampir Hilang)
CUST-0579,8,5,620000,4,2,1,New / Recent Customers
CUST-0580,47,16,3704000,2,5,3,At Risk (Hampir Hilang)
CUST-0581,80,3,276000,1,1,1,Hibernating (Hilang)
CUST-0582,11,8,5752000,4,4,4,Champions (Loyal & Borong)
CUST-0583,9,4,1358000,4,2,2,New / Recent Customers
CUST-0584,9,5,1868000,4,2,3,New / Recent Customers
CUST-0585,21,10,7959000,3,4,5,Loyal Customers
CUST-0586,33,6,1240500,2,3,2,At Risk (Hampir Hilang)
CUST-0587,130,5,1409300,1,2,2,Hibernating (Hilang)
CUST-0588,23,8,5413500,3,4,4,Loyal Customers
CUST-0589,9,3,2390000,4,1,3,New / Recent Customers
CUST-0590,26,4,3160500,3,2,3,About to Sleep (Rata-rata)
CUST-0591,96,4,441000,1,2,1,Hibernating (Hilang)
CUST-0592,67,5,1556500,1,2,2,Hibernating (Hilang)
CUST-0593,98,3,545000,1,1,1,Hibernating (Hilang)
CUST-0594,9,8,1544350,4,4,2,Champions (Loyal & Borong)
CUST-0595,1,6,1449600,5,3,2,Loyal Customers
CUST-0596,30,14,8983500,2,4,5,At Risk (Hampir Hilang)
CUST-0597,44,13,7071900,2,4,5,At Risk (Hampir Hilang)
CUST-0598,30,5,1601000,2,2,2,Hibernating (Hilang)
CUST-0599,10,16,7952000,4,5,5,Champions (Loyal & Borong)
CUST-0600,1,9,876400,5,4,1,Champions (Loyal & Borong)
CUST-0601,11,5,6460000,4,2,4,New / Recent Customers
CUST-0602,12,18,7034000,4,5,5,Champions (Loyal & Borong)
CUST-0603,24,15,9221500,3,5,5,Loyal Customers
CUST-0604,47,9,7586000,2,4,5,At Risk (Hampir Hilang)
CUST-0605,20,5,4229000,3,2,4,About to Sleep (Rata-rata)
CUST-0606,1,20,8051000,5,5,5,Champions (Loyal & Borong)
CUST-0607,8,7,1319000,4,3,2,Loyal Customers
CUST-0608,9,6,1080000,4,3,2,Loyal Customers
CUST-0609,109,3,207000,1,1,1,Hibernating (Hilang)
CUST-0610,62,3,1320000,1,1,2,Hibernating (Hilang)
CUST-0611,67,5,1211600,1,2,2,Hibernating (Hilang)
CUST-0612,28,4,3810000,3,2,3,About to Sleep (Rata-rata)
CUST-0613,30,15,7163000,2,5,5,At Risk (Hampir Hilang)
CUST-0614,1,6,3732000,5,3,3,Loyal Customers
CUST-0615,22,14,7593000,3,4,5,Loyal Customers
CUST-0616,2,8,2088000,5,4,3,Champions (Loyal & Borong)
CUST-0617,12,14,2913000,4,4,3,Champions (Loyal & Borong)
CUST-0618,52,2,1215000,2,1,2,Hibernating (Hilang)
CUST-0619,27,17,5225950,3,5,4,Loyal Customers
CUST-0620,89,8,4975000,1,4,4,At Risk (Hampir Hilang)
CUST-0621,10,21,17828500,4,5,5,Champions (Loyal & Borong)
CUST-0622,10,15,6247000,4,5,4,Champions (Loyal & Borong)
CUST-0623,9,11,6138850,4,4,4,Champions (Loyal & Borong)
CUST-0624,19,2,205000,3,1,1,About to Sleep (Rata-rata)
CUST-0625,30,14,14190500,2,5,5,At Risk (Hampir Hilang)
CUST-0626,20,16,5715350,3,5,4,Loyal Customers
CUST-0627,3,20,12761900,5,5,5,Champions (Loyal & Borong)
CUST-0628,24,19,9210900,3,5,5,Loyal Customers
CUST-0629,23,18,10608000,3,5,5,Loyal Customers
CUST-0630,9,9,11720000,4,4,5,Champions (Loyal & Borong)
CUST-0631,25,6,1710000,3,3,2,Loyal Customers
CUST-0632,26,3,396000,3,1,1,About to Sleep (Rata-rata)
CUST-0633,23,7,4397000,3,3,4,Loyal Customers
CUST-0634,6,5,2835000,5,2,3,New / Recent Customers
CUST-0635,34,8,4715000,2,4,4,At Risk (Hampir Hilang)
CUST-0636,4,12,2612000,5,4,3,Champions (Loyal & Borong)
CUST-0637,13,13,3377000,4,4,3,Champions (Loyal & Borong)
CUST-0638,62,8,1542500,1,4,2,At Risk (Hampir Hilang)
CUST-0639,42,3,2954000,2,1,3,Hibernating (Hilang)
CUST-0640,52,4,695000,2,2,1,Hibernating (Hilang)
CUST-0641,40,2,1855000,2,1,2,Hibernating (Hilang)
CUST-0642,63,7,5752500,1,3,4,At Risk (Hampir Hilang)
CUST-0643,149,1,85000,1,1,1,Hibernating (Hilang)
CUST-0644,82,3,3879000,1,1,4,Hibernating (Hilang)
CUST-0645,15,4,799000,4,2,1,New / Recent Customers
CUST-0646,1,7,5036000,5,3,4,Loyal Customers
CUST-0647,33,2,285000,2,1,1,Hibernating (Hilang)
CUST-0648,3,21,14083000,5,5,5,Champions (Loyal & Borong)
CUST-0649,35,10,2725000,2,4,3,At Risk (Hampir Hilang)
CUST-0650,47,4,2324000,2,2,3,Hibernating (Hilang)
CUST-0651,95,2,206600,1,1,1,Hibernating (Hilang)
CUST-0652,106,4,1782000,1,2,2,Hibernating (Hilang)
CUST-0653,19,6,3700000,3,3,3,Loyal Customers
CUST-0654,1,6,1552000,5,3,2,Loyal Customers
CUST-0655,54,6,1848000,2,3,2,At Risk (Hampir Hilang)
CUST-0656,62,2,2485000,1,1,3,Hibernating (Hilang)
CUST-0657,9,15,6248500,4,5,4,Champions (Loyal & Borong)
CUST-0658,3,8,2347000,5,4,3,Champions (Loyal & Borong)
CUST-0659,7,19,3866350,5,5,4,Champions (Loyal & Borong)
CUST-0660,12,5,3368000,4,2,3,New / Recent Customers
CUST-0661,9,5,2310000,4,2,3,New / Recent Customers
CUST-0662,23,13,7138000,3,4,5,Loyal Customers
CUST-0663,60,5,1042950,1,2,2,Hibernating (Hilang)
CUST-0664,26,7,2679850,3,3,3,Loyal Customers
CUST-0665,104,4,6743000,1,2,4,Hibernating (Hilang)
CUST-0666,7,16,5495000,5,5,4,Champions (Loyal & Borong)
CUST-0667,39,2,700000,2,1,1,Hibernating (Hilang)
CUST-0668,1,15,5346000,5,5,4,Champions (Loyal & Borong)
CUST-0669,20,5,815000,3,2,1,About to Sleep (Rata-rata)
CUST-0670,17,6,3505000,3,3,3,Loyal Customers
CUST-0671,4,12,3864000,5,4,4,Champions (Loyal & Borong)
CUST-0672,24,22,9534850,3,5,5,Loyal Customers
CUST-0673,31,9,1913500,2,4,3,At Risk (Hampir Hilang)
CUST-0674,39,10,8737000,2,4,5,At Risk (Hampir Hilang)
CUST-0675,18,14,11030450,3,5,5,Loyal Customers
CUST-0676,49,6,2352500,2,3,3,At Risk (Hampir Hilang)
CUST-0677,3,20,15540500,5,5,5,Champions (Loyal & Borong)
CUST-0678,4,12,6503000,5,4,4,Champions (Loyal & Borong)
CUST-0679,34,17,9110000,2,5,5,At Risk (Hampir Hilang)
CUST-0680,132,2,495000,1,1,1,Hibernating (Hilang)
CUST-0681,131,3,711000,1,1,1,Hibernating (Hilang)
CUST-0682,12,10,3240000,4,4,3,Champions (Loyal & Borong)
CUST-0683,26,7,3874000,3,3,4,Loyal Customers
CUST-0684,28,21,11691000,3,5,5,Loyal Customers
CUST-0685,47,7,1827000,2,3,2,At Risk (Hampir Hilang)
CUST-0686,6,24,13325500,5,5,5,Champions (Loyal & Borong)
CUST-0687,19,1,360000,3,1,1,About to Sleep (Rata-rata)
CUST-0688,172,1,320000,1,1,1,Hibernating (Hilang)
CUST-0689,106,2,710000,1,1,1,Hibernating (Hilang)
CUST-0690,26,16,9196500,3,5,5,Loyal Customers
CUST-0691,163,1,130000,1,1,1,Hibernating (Hilang)
CUST-0692,1,6,3284000,5,3,3,Loyal Customers
CUST-0693,1,2,196000,5,1,1,New / Recent Customers
CUST-0694,99,2,950000,1,1,2,Hibernating (Hilang)
CUST-0695,99,4,977500,1,2,2,Hibernating (Hilang)
CUST-0696,34,3,1839000,2,1,2,Hibernating (Hilang)
CUST-0697,20,5,1628500,3,2,2,About to Sleep (Rata-rata)
CUST-0698,14,16,6620400,4,5,4,Champions (Loyal & Borong)
CUST-0699,71,1,230000,1,1,1,Hibernating (Hilang)
CUST-0700,10,22,7619000,4,5,5,Champions (Loyal & Borong)
CUST-0701,30,3,631000,2,1,1,Hibernating (Hilang)
CUST-0702,78,2,645000,1,1,1,Hibernating (Hilang)
CUST-0703,25,5,2043000,3,2,3,About to Sleep (Rata-rata)
CUST-0704,30,3,635000,2,1,1,Hibernating (Hilang)
CUST-0705,16,6,2570500,3,3,3,Loyal Customers
CUST-0706,89,3,556000,1,1,1,Hibernating (Hilang)
CUST-0707,31,9,2636900,2,4,3,At Risk (Hampir Hilang)
CUST-0708,92,4,1775000,1,2,2,Hibernating (Hilang)
CUST-0709,6,7,1206500,5,3,2,Loyal Customers
CUST-0710,13,17,4332000,4,5,4,Champions (Loyal & Borong)
CUST-0711,96,2,1962950,1,1,3,Hibernating (Hilang)
CUST-0712,5,5,887000,5,2,1,New / Recent Customers
CUST-0713,10,7,2434000,4,3,3,Loyal Customers
CUST-0714,8,21,4264450,4,5,4,Champions (Loyal & Borong)
CUST-0715,10,20,9599000,4,5,5,Champions (Loyal & Borong)
CUST-0716,28,17,6966000,3,5,5,Loyal Customers
CUST-0717,25,4,713000,3,2,1,About to Sleep (Rata-rata)
CUST-0718,33,2,985000,2,1,2,Hibernating (Hilang)
CUST-0719,111,2,1388000,1,1,2,Hibernating (Hilang)
CUST-0720,9,7,5898000,4,3,4,Loyal Customers
CUST-0721,3,16,5666500,5,5,4,Champions (Loyal & Borong)
CUST-0722,30,17,6151600,2,5,4,At Risk (Hampir Hilang)
CUST-0723,5,16,7663000,5,5,5,Champions (Loyal & Borong)
CUST-0724,23,12,6991500,3,4,5,Loyal Customers
CUST-0725,30,4,532500,2,2,1,Hibernating (Hilang)
CUST-0726,33,10,3870500,2,4,4,At Risk (Hampir Hilang)
CUST-0727,14,10,4159850,4,4,4,Champions (Loyal & Borong)
CUST-0728,23,4,4309000,3,2,4,About to Sleep (Rata-rata)
CUST-0729,44,6,1336000,2,3,2,At Risk (Hampir Hilang)
CUST-0730,7,2,598000,5,1,1,New / Recent Customers
CUST-0731,19,4,2050000,3,2,3,About to Sleep (Rata-rata)
CUST-0732,6,12,3722500,5,4,3,Champions (Loyal & Borong)
CUST-0733,53,5,2302000,2,3,3,At Risk (Hampir Hilang)
CUST-0734,17,6,2410500,3,3,3,Loyal Customers
CUST-0735,27,5,960000,3,3,2,Loyal Customers
CUST-0736,141,1,370000,1,1,1,Hibernating (Hilang)
CUST-0737,81,6,1239500,1,3,2,At Risk (Hampir Hilang)
CUST-0738,15,22,10242900,4,5,5,Champions (Loyal & Borong)
CUST-0739,1,13,9614000,5,4,5,Champions (Loyal & Borong)
CUST-0740,53,3,348000,2,1,1,Hibernating (Hilang)
CUST-0741,51,6,1644000,2,3,2,At Risk (Hampir Hilang)
CUST-0742,17,14,3277500,3,5,3,Loyal Customers
CUST-0743,23,13,10954000,3,4,5,Loyal Customers
CUST-0744,17,7,3356000,3,3,3,Loyal Customers
CUST-0745,17,15,9600000,3,5,5,Loyal Customers
CUST-0746,3,14,5110000,5,5,4,Champions (Loyal & Borong)
CUST-0747,4,21,14800500,5,5,5,Champions (Loyal & Borong)
CUST-0748,29,7,4032000,3,3,4,Loyal Customers
CUST-0749,15,20,21173500,4,5,5,Champions (Loyal & Borong)
CUST-0750,4,19,14207000,5,5,5,Champions (Loyal & Borong)
CUST-0751,20,7,8840950,3,3,5,Loyal Customers
CUST-0752,15,5,2532000,4,3,3,Loyal Customers
CUST-0753,74,4,1393000,1,2,2,Hibernating (Hilang)
CUST-0754,80,5,1340000,1,3,2,At Risk (Hampir Hilang)
CUST-0755,9,19,31340000,4,5,5,Champions (Loyal & Borong)
CUST-0756,7,14,4203500,5,5,4,Champions (Loyal & Borong)
CUST-0757,95,8,6812000,1,4,5,At Risk (Hampir Hilang)
CUST-0758,116,2,122000,1,1,1,Hibernating (Hilang)
CUST-0759,45,2,458000,2,1,1,Hibernating (Hilang)
CUST-0760,58,14,5370000,2,5,4,At Risk (Hampir Hilang)
CUST-0761,102,5,2200000,1,3,3,At Risk (Hampir Hilang)
CUST-0762,11,6,1200450,4,3,2,Loyal Customers
CUST-0763,18,12,4775000,3,4,4,Loyal Customers
CUST-0765,1,14,12056000,5,5,5,Champions (Loyal & Borong)
CUST-0766,20,5,2575000,3,3,3,Loyal Customers
CUST-0767,49,9,3188000,2,4,3,At Risk (Hampir Hilang)
CUST-0768,68,5,3218000,1,3,3,At Risk (Hampir Hilang)
CUST-0769,91,4,1128000,1,2,2,Hibernating (Hilang)
CUST-0770,10,13,28485500,4,4,5,Champions (Loyal & Borong)
CUST-0771,62,9,2777500,1,4,3,At Risk (Hampir Hilang)
CUST-0772,10,16,4169350,4,5,4,Champions (Loyal & Borong)
CUST-0773,78,3,931000,1,1,2,Hibernating (Hilang)
CUST-0774,47,6,3025000,2,3,3,At Risk (Hampir Hilang)
CUST-0775,14,7,7275000,4,3,5,Loyal Customers
CUST-0776,11,11,3833500,4,4,4,Champions (Loyal & Borong)
CUST-0777,21,8,2510000,3,4,3,Loyal Customers
CUST-0778,38,10,1743000,2,4,2,At Risk (Hampir Hilang)
CUST-0779,101,3,549500,1,1,1,Hibernating (Hilang)
CUST-0780,15,8,2701000,4,4,3,Champions (Loyal & Borong)
CUST-0781,1,7,1513000,5,3,2,Loyal Customers
CUST-0782,10,3,490000,4,1,1,New / Recent Customers
CUST-0783,135,2,151600,1,1,1,Hibernating (Hilang)
CUST-0784,56,2,1159000,2,1,2,Hibernating (Hilang)
CUST-0785,8,11,1309500,4,4,2,Champions (Loyal & Borong)
CUST-0786,36,16,8633000,2,5,5,At Risk (Hampir Hilang)
CUST-0787,53,8,2503000,2,4,3,At Risk (Hampir Hilang)
CUST-0788,111,3,371000,1,1,1,Hibernating (Hilang)
CUST-0789,31,5,1868000,2,3,3,At Risk (Hampir Hilang)
CUST-0790,11,14,4036500,4,5,4,Champions (Loyal & Borong)
CUST-0791,4,4,1213000,5,2,2,New / Recent Customers
CUST-0792,5,7,1938000,5,3,3,Loyal Customers
CUST-0793,74,3,528000,1,1,1,Hibernating (Hilang)
CUST-0794,15,3,945000,4,1,2,New / Recent Customers
CUST-0795,52,5,5598000,2,3,4,At Risk (Hampir Hilang)
CUST-0796,90,4,1978000,1,2,3,Hibernating (Hilang)
CUST-0797,12,4,875000,4,2,1,New / Recent Customers
CUST-0798,116,2,310000,1,1,1,Hibernating (Hilang)
CUST-0799,139,2,305000,1,1,1,Hibernating (Hilang)
CUST-0800,7,3,730000,5,1,1,New / Recent Customers
CUST-0801,104,4,1635000,1,2,2,Hibernating (Hilang)
CUST-0802,9,6,1055000,4,3,2,Loyal Customers
CUST-0803,12,15,5326400,4,5,4,Champions (Loyal & Borong)
CUST-0804,41,1,360000,2,1,1,Hibernating (Hilang)
CUST-0805,73,1,840000,1,1,1,Hibernating (Hilang)
CUST-0806,17,6,2296500,3,3,3,Loyal Customers
CUST-0807,37,6,3852000,2,3,4,At Risk (Hampir Hilang)
CUST-0808,9,18,5553500,4,5,4,Champions (Loyal & Borong)
CUST-0809,8,16,17356000,4,5,5,Champions (Loyal & Borong)
CUST-0810,70,4,551000,1,2,1,Hibernating (Hilang)
CUST-0811,54,7,2618000,2,3,3,At Risk (Hampir Hilang)
CUST-0812,13,6,1866000,4,3,3,Loyal Customers
CUST-0813,65,6,1145000,1,3,2,At Risk (Hampir Hilang)
CUST-0814,164,1,555000,1,1,1,Hibernating (Hilang)
CUST-0815,16,9,3214000,3,4,3,Loyal Customers
CUST-0816,4,22,19124000,5,5,5,Champions (Loyal & Borong)
CUST-0817,74,3,815000,1,1,1,Hibernating (Hilang)
CUST-0818,135,3,2047000,1,1,3,Hibernating (Hilang)
CUST-0819,18,14,2717500,3,5,3,Loyal Customers
CUST-0820,38,3,586000,2,1,1,Hibernating (Hilang)
CUST-0821,37,17,7760500,2,5,5,At Risk (Hampir Hilang)
CUST-0822,27,8,3733000,3,4,3,Loyal Customers
CUST-0823,3,4,1134000,5,2,2,New / Recent Customers
CUST-0824,12,6,980500,4,3,2,Loyal Customers
CUST-0825,2,18,7060000,5,5,5,Champions (Loyal & Borong)
CUST-0826,41,8,1385500,2,4,2,At Risk (Hampir Hilang)
CUST-0827,25,6,4956400,3,3,4,Loyal Customers
CUST-0828,11,18,5712000,4,5,4,Champions (Loyal & Borong)
CUST-0829,54,3,625000,2,1,1,Hibernating (Hilang)
CUST-0830,16,8,2636000,3,4,3,Loyal Customers
CUST-0831,76,3,350000,1,1,1,Hibernating (Hilang)
CUST-0832,13,9,3475500,4,4,3,Champions (Loyal & Borong)
CUST-0833,14,4,2282000,4,2,3,New / Recent Customers
CUST-0834,23,5,5752000,3,3,4,Loyal Customers
CUST-0835,112,4,1022000,1,2,2,Hibernating (Hilang)
CUST-0836,37,6,2263500,2,3,3,At Risk (Hampir Hilang)
CUST-0837,1,8,5448000,5,4,4,Champions (Loyal & Borong)
CUST-0838,15,11,3449000,4,4,3,Champions (Loyal & Borong)
CUST-0839,2,5,1608000,5,3,2,Loyal Customers
CUST-0840,6,5,1955000,5,3,3,Loyal Customers
CUST-0841,47,5,536500,2,3,1,At Risk (Hampir Hilang)
CUST-0842,52,4,1453000,2,2,2,Hibernating (Hilang)
CUST-0843,1,10,7175400,5,4,5,Champions (Loyal & Borong)
CUST-0844,49,3,2880000,2,1,3,Hibernating (Hilang)
CUST-0845,52,15,19664500,2,5,5,At Risk (Hampir Hilang)
CUST-0846,1,22,12193500,5,5,5,Champions (Loyal & Borong)
CUST-0847,34,5,2693500,2,3,3,At Risk (Hampir Hilang)
CUST-0848,4,3,499000,5,1,1,New / Recent Customers
CUST-0849,59,4,844000,1,2,1,Hibernating (Hilang)
CUST-0850,100,2,97000,1,1,1,Hibernating (Hilang)
CUST-0851,9,10,4830000,4,4,4,Champions (Loyal & Borong)
CUST-0852,14,6,823550,4,3,1,Loyal Customers
CUST-0853,15,4,4475000,4,2,4,New / Recent Customers
CUST-0854,67,5,7265000,1,3,5,At Risk (Hampir Hilang)
CUST-0855,1,14,5168500,5,5,4,Champions (Loyal & Borong)
CUST-0856,13,9,5606000,4,4,4,Champions (Loyal & Borong)
CUST-0857,2,6,1002000,5,3,2,Loyal Customers
CUST-0858,5,15,4687000,5,5,4,Champions (Loyal & Borong)
CUST-0859,44,4,1609000,2,2,2,Hibernating (Hilang)
CUST-0860,11,11,2842450,4,4,3,Champions (Loyal & Borong)
CUST-0861,23,7,2429000,3,3,3,Loyal Customers
CUST-0862,27,18,4148500,3,5,4,Loyal Customers
CUST-0863,18,8,2181000,3,4,3,Loyal Customers
CUST-0864,11,8,2423500,4,4,3,Champions (Loyal & Borong)
CUST-0865,21,3,1345500,3,1,2,About to Sleep (Rata-rata)
CUST-0866,5,14,4971500,5,5,4,Champions (Loyal & Borong)
CUST-0867,9,17,9798950,4,5,5,Champions (Loyal & Borong)
CUST-0868,110,2,540000,1,1,1,Hibernating (Hilang)
CUST-0869,37,2,797000,2,1,1,Hibernating (Hilang)
CUST-0870,14,20,7266500,4,5,5,Champions (Loyal & Borong)
CUST-0871,55,3,940000,2,1,2,Hibernating (Hilang)
CUST-0872,27,4,460000,3,2,1,About to Sleep (Rata-rata)
CUST-0873,17,12,10520950,3,4,5,Loyal Customers
CUST-0874,49,2,329000,2,1,1,Hibernating (Hilang)
CUST-0875,22,11,2901950,3,4,3,Loyal Customers
CUST-0876,78,5,1242950,1,3,2,At Risk (Hampir Hilang)
CUST-0877,16,5,898850,3,3,1,Loyal Customers
CUST-0878,11,5,1682000,4,3,2,Loyal Customers
CUST-0879,25,4,4366000,3,2,4,About to Sleep (Rata-rata)
CUST-0880,63,4,3996000,1,2,4,Hibernating (Hilang)
CUST-0881,11,14,3843500,4,5,4,Champions (Loyal & Borong)
CUST-0882,6,8,2643500,5,4,3,Champions (Loyal & Borong)
CUST-0883,8,14,4874500,4,5,4,Champions (Loyal & Borong)
CUST-0884,2,4,766600,5,2,1,New / Recent Customers
CUST-0885,99,2,595000,1,1,1,Hibernating (Hilang)
CUST-0886,10,6,793950,4,3,1,Loyal Customers
CUST-0887,61,4,1295000,1,2,2,Hibernating (Hilang)
CUST-0888,49,3,741000,2,1,1,Hibernating (Hilang)
CUST-0889,3,7,1510500,5,3,2,Loyal Customers
CUST-0890,6,16,3314000,5,5,3,Champions (Loyal & Borong)
CUST-0891,3,13,10426000,5,4,5,Champions (Loyal & Borong)
CUST-0892,27,12,7565500,3,4,5,Loyal Customers
CUST-0893,88,3,579000,1,1,1,Hibernating (Hilang)
CUST-0894,35,2,495000,2,1,1,Hibernating (Hilang)
CUST-0895,35,8,2562000,2,4,3,At Risk (Hampir Hilang)
CUST-0896,100,3,2259000,1,1,3,Hibernating (Hilang)
CUST-0897,10,12,6344000,4,4,4,Champions (Loyal & Borong)
CUST-0898,26,6,3545500,3,3,3,Loyal Customers
CUST-0899,18,12,3967500,3,4,4,Loyal Customers
CUST-0900,25,5,692000,3,3,1,Loyal Customers
CUST-0901,152,2,394000,1,1,1,Hibernating (Hilang)
CUST-0902,1,2,320000,5,1,1,New / Recent Customers
CUST-0903,2,13,9383500,5,4,5,Champions (Loyal & Borong)
CUST-0904,24,16,5488000,3,5,4,Loyal Customers
CUST-0905,132,3,387000,1,1,1,Hibernating (Hilang)
CUST-0906,2,7,2987000,5,3,3,Loyal Customers
CUST-0907,66,1,193000,1,1,1,Hibernating (Hilang)
CUST-0908,17,5,695000,3,3,1,Loyal Customers
CUST-0909,19,4,1694000,3,2,2,About to Sleep (Rata-rata)
CUST-0910,2,11,13113000,5,4,5,Champions (Loyal & Borong)
CUST-0911,104,3,309000,1,1,1,Hibernating (Hilang)
CUST-0912,2,3,335000,5,1,1,New / Recent Customers
CUST-0913,5,20,18892500,5,5,5,Champions (Loyal & Borong)
CUST-0914,7,17,6427500,5,5,4,Champions (Loyal & Borong)
CUST-0915,50,2,198500,2,1,1,Hibernating (Hilang)
CUST-0916,21,7,3644000,3,3,3,Loyal Customers
CUST-0917,11,25,6992500,4,5,5,Champions (Loyal & Borong)
CUST-0918,8,20,9597000,4,5,5,Champions (Loyal & Borong)
CUST-0919,34,17,15269000,2,5,5,At Risk (Hampir Hilang)
CUST-0920,30,14,4597500,2,5,4,At Risk (Hampir Hilang)
CUST-0921,48,6,1537000,2,3,2,At Risk (Hampir Hilang)
CUST-0922,9,3,392000,4,1,1,New / Recent Customers
CUST-0923,8,17,14076500,4,5,5,Champions (Loyal & Borong)
CUST-0924,98,4,1076000,1,2,2,Hibernating (Hilang)
CUST-0925,17,2,580000,3,1,1,About to Sleep (Rata-rata)
CUST-0926,10,8,3066000,4,4,3,Champions (Loyal & Borong)
CUST-0927,62,3,624000,1,1,1,Hibernating (Hilang)
CUST-0928,103,2,245000,1,1,1,Hibernating (Hilang)
CUST-0929,7,4,1463500,5,2,2,New / Recent Customers
CUST-0930,44,5,1340500,2,3,2,At Risk (Hampir Hilang)
CUST-0931,20,7,2593000,3,3,3,Loyal Customers
CUST-0932,18,7,1164200,3,3,2,Loyal Customers
CUST-0933,3,6,3925000,5,3,4,Loyal Customers
CUST-0934,132,2,134950,1,1,1,Hibernating (Hilang)
CUST-0935,72,6,1221000,1,3,2,At Risk (Hampir Hilang)
CUST-0936,73,7,2805500,1,3,3,At Risk (Hampir Hilang)
CUST-0937,28,4,975000,3,2,2,About to Sleep (Rata-rata)
CUST-0938,15,3,805000,4,1,1,New / Recent Customers
CUST-0939,18,18,10531000,3,5,5,Loyal Customers
CUST-0940,1,20,18436000,5,5,5,Champions (Loyal & Borong)
CUST-0941,5,17,13581400,5,5,5,Champions (Loyal & Borong)
CUST-0942,4,30,21052000,5,5,5,Champions (Loyal & Borong)
CUST-0943,2,5,675000,5,3,1,Loyal Customers
CUST-0944,22,15,14489000,3,5,5,Loyal Customers
CUST-0945,95,5,7684000,1,3,5,At Risk (Hampir Hilang)
CUST-0946,5,6,1437950,5,3,2,Loyal Customers
CUST-0947,131,5,395950,1,3,1,At Risk (Hampir Hilang)
CUST-0948,96,3,452000,1,1,1,Hibernating (Hilang)
CUST-0949,43,9,1810000,2,4,2,At Risk (Hampir Hilang)
CUST-0950,9,3,570500,4,1,1,New / Recent Customers
CUST-0951,39,6,2504500,2,3,3,At Risk (Hampir Hilang)
CUST-0952,18,12,3326950,3,4,3,Loyal Customers
CUST-0953,8,10,7505850,4,4,5,Champions (Loyal & Borong)
CUST-0954,57,5,2802000,2,3,3,At Risk (Hampir Hilang)
CUST-0955,3,11,7416900,5,4,5,Champions (Loyal & Borong)
CUST-0956,49,3,269400,2,1,1,Hibernating (Hilang)
CUST-0957,5,5,3830000,5,3,4,Loyal Customers
CUST-0958,15,9,3182500,4,4,3,Champions (Loyal & Borong)
CUST-0959,3,17,8381500,5,5,5,Champions (Loyal & Borong)
CUST-0960,8,21,5598700,4,5,4,Champions (Loyal & Borong)
CUST-0961,36,5,2775000,2,3,3,At Risk (Hampir Hilang)
CUST-0962,14,17,4449500,4,5,4,Champions (Loyal & Borong)
CUST-0963,2,21,6381000,5,5,4,Champions (Loyal & Borong)
CUST-0964,4,23,10346500,5,5,5,Champions (Loyal & Borong)
CUST-0965,119,3,715500,1,1,1,Hibernating (Hilang)
CUST-0966,32,5,2166000,2,3,3,At Risk (Hampir Hilang)
CUST-0967,2,4,1469000,5,2,2,New / Recent Customers
CUST-0968,16,17,4037500,3,5,4,Loyal Customers
CUST-0969,12,15,3396000,4,5,3,Champions (Loyal & Borong)
CUST-0970,1,6,1098000,5,3,2,Loyal Customers
CUST-0971,13,15,16487000,4,5,5,Champions (Loyal & Borong)
CUST-0972,88,4,2829000,1,2,3,Hibernating (Hilang)
CUST-0973,51,5,5829000,2,3,4,At Risk (Hampir Hilang)
CUST-0974,4,4,941000,5,2,2,New / Recent Customers
CUST-0975,3,13,3813000,5,4,4,Champions (Loyal & Borong)
CUST-0976,6,9,12255000,5,4,5,Champions (Loyal & Borong)
CUST-0977,80,8,5586500,1,4,4,At Risk (Hampir Hilang)
CUST-0978,103,1,575000,1,1,1,Hibernating (Hilang)
CUST-0979,2,6,3977000,5,3,4,Loyal Customers
CUST-0980,10,5,4311000,4,3,4,Loyal Customers
CUST-0981,39,4,1802000,2,2,2,Hibernating (Hilang)
CUST-0982,45,15,3054800,2,5,3,At Risk (Hampir Hilang)
CUST-0983,12,20,6771500,4,5,4,Champions (Loyal & Borong)
CUST-0984,44,4,498000,2,2,1,Hibernating (Hilang)
CUST-0985,23,6,3155000,3,3,3,Loyal Customers
CUST-0986,3,11,10633000,5,4,5,Champions (Loyal & Borong)
CUST-0987,6,4,6570000,5,2,4,New / Recent Customers
CUST-0988,5,15,6108000,5,5,4,Champions (Loyal & Borong)
CUST-0989,8,14,17171450,4,5,5,Champions (Loyal & Borong)
CUST-0990,59,3,955000,1,1,2,Hibernating (Hilang)
CUST-0991,58,4,1465000,2,2,2,Hibernating (Hilang)
CUST-0992,9,8,6069000,4,4,4,Champions (Loyal & Borong)
CUST-0993,101,3,638000,1,1,1,Hibernating (Hilang)
CUST-0994,8,8,2693000,4,4,3,Champions (Loyal & Borong)
CUST-0995,8,5,1138000,4,3,2,Loyal Customers
CUST-0996,10,9,6357000,4,4,4,Champions (Loyal & Borong)
CUST-0997,14,16,4205950,4,5,4,Champions (Loyal & Borong)
CUST-0998,9,11,4377450,4,4,4,Champions (Loyal & Borong)
CUST-0999,22,5,1737000,3,3,2,Loyal Customers
CUST-1000,16,6,1695000,3,3,2,Loyal Customers
